mode,variant,cycles,instructions
1_100000000,base,4212221493,11598975511
1_100000000,pron,4060848737,11298584047
1_100000000,sota,4136405050,11316439892
1_100000000,base,4190580549,11599193005
1_100000000,pron,4199826896,11299272409
1_100000000,sota,4104978278,11316630197
1_100000000,base,4197478440,11599071481
1_100000000,pron,4028505623,11297296112
1_100000000,sota,4022568290,11316058426
1_100000000,base,4134452750,11598699548
1_100000000,pron,4083203417,11298592934
1_100000000,sota,4073702514,11316255190
1_100000000,base,4201775005,11599059049
1_100000000,pron,4387870694,11298697435
1_100000000,sota,4131334022,11316069121
1_100000000,base,4156934405,11598714714
1_100000000,pron,3964447869,11298196313
1_100000000,sota,3751250870,11315380414
1_100000000,base,3885828393,11598081598
1_100000000,pron,3725815858,11297846978
1_100000000,sota,3747409201,11315668425
1_100000000,base,3898570798,11598366758
1_100000000,pron,3712492331,11297711494
1_100000000,sota,3740718959,11315394187
1_100000000,base,3904070433,11598171800
1_100000000,pron,3720230919,11297372604
1_100000000,sota,3739533579,11314004699
1_100000000,base,3899119152,11598034373
1_100000000,pron,3709803725,11297206318
1_100000000,sota,3737841752,11315416199
1_100000000,base,3895171601,11598373905
1_100000000,pron,3718743477,11297729457
1_100000000,sota,3759757482,11315925422
1_100000000,base,3892081216,11598389274
1_100000000,pron,3715706165,11297832724
1_100000000,sota,3737035673,11315267989
1_100000000,base,3884835198,11598247750
1_100000000,pron,3708414213,11297527816
1_100000000,sota,3765444347,11315563204
1_100000000,base,3883050146,11597326628
1_100000000,pron,3711560359,11297389427
1_100000000,sota,3751924138,11315388225
1_100000000,base,3889481801,11598213287
1_100000000,pron,3715332353,11297594384
1_100000000,sota,3737469539,11314399726
1_100000000,base,3899218598,11598300520
1_100000000,pron,3709866577,11297472053
1_100000000,sota,3744298756,11315427157
1_100000000,base,3884575323,11598063036
1_100000000,pron,3708391310,11297420188
1_100000000,sota,3782568206,11315578089
1_100000000,base,3894507447,11598179687
1_100000000,pron,3717933167,11297612653
1_100000000,sota,3772240525,11315534109
1_100000000,base,3883849805,11598022997
1_100000000,pron,3715244774,11297577715
1_100000000,sota,3747594744,11315522419
1_100000000,base,3883453579,11597458198
1_100000000,pron,3709384029,11297330281
1_100000000,sota,3750495050,11315804889
1_100000000,base,3892419915,11598623555
1_100000000,pron,3713028019,11297756538
1_100000000,sota,3741927821,11314727167
2_100000000_4096_32,base,2555670367,6467082337
2_100000000_4096_32,pron,2440532996,6167196520
2_100000000_4096_32,sota,2660206604,6241837025
2_100000000_4096_32,base,2548228633,6467536412
2_100000000_4096_32,pron,2443271845,6167142554
2_100000000_4096_32,sota,2656717055,6241828238
2_100000000_4096_32,base,2552649508,6467411479
2_100000000_4096_32,pron,2439508223,6167135216
2_100000000_4096_32,sota,2654811181,6241754234
2_100000000_4096_32,base,2546676108,6467370550
2_100000000_4096_32,pron,2442342882,6167044987
2_100000000_4096_32,sota,2664836151,6241898627
2_100000000_4096_32,base,2550933846,6467558789
2_100000000_4096_32,pron,2634190245,6167779957
2_100000000_4096_32,sota,2660903081,6241995442
2_100000000_4096_32,base,2550933506,6467775740
2_100000000_4096_32,pron,2441017341,6167384394
2_100000000_4096_32,sota,2665232761,6242016663
2_100000000_4096_32,base,2550756336,6467701100
2_100000000_4096_32,pron,2443601390,6167343327
2_100000000_4096_32,sota,2659959061,6242033884
2_100000000_4096_32,base,2574827490,6471472753
2_100000000_4096_32,pron,2445097342,6167218238
2_100000000_4096_32,sota,2670994963,6241092136
2_100000000_4096_32,base,2549399736,6467756144
2_100000000_4096_32,pron,2437587438,6166282444
2_100000000_4096_32,sota,3326939488,6244142146
2_100000000_4096_32,base,2544619897,6467174105
2_100000000_4096_32,pron,2473394959,6167459545
2_100000000_4096_32,sota,2658210559,6241943194
2_100000000_4096_32,base,2565397356,6467628301
2_100000000_4096_32,pron,2445156998,6167357849
2_100000000_4096_32,sota,2665280696,6242060773
2_100000000_4096_32,base,2573639406,6467775523
2_100000000_4096_32,pron,2443509133,6167225170
2_100000000_4096_32,sota,2660997724,6241848073
2_100000000_4096_32,base,2666349635,6467875250
2_100000000_4096_32,pron,2464487332,6167398945
2_100000000_4096_32,sota,2667064875,6242082837
2_100000000_4096_32,base,2552069611,6467624928
2_100000000_4096_32,pron,2456767126,6167344376
2_100000000_4096_32,sota,2661681087,6241932867
2_100000000_4096_32,base,2550600988,6467625866
2_100000000_4096_32,pron,2445681742,6166359051
2_100000000_4096_32,sota,2661576233,6241899827
2_100000000_4096_32,base,2550045870,6467733632
2_100000000_4096_32,pron,2463662286,6167383710
2_100000000_4096_32,sota,2657226266,6241939251
2_100000000_4096_32,base,2574896040,6467555894
2_100000000_4096_32,pron,2458570642,6167470413
2_100000000_4096_32,sota,3444613143,6244501899
2_100000000_4096_32,base,2550118095,6467623029
2_100000000_4096_32,pron,2626344278,6167878989
2_100000000_4096_32,sota,2666099588,6241673834
2_100000000_4096_32,base,2550006857,6467580047
2_100000000_4096_32,pron,2449312731,6167306439
2_100000000_4096_32,sota,2655840847,6241885692
2_100000000_4096_32,base,2706303024,6468025845
2_100000000_4096_32,pron,2438314030,6167209209
2_100000000_4096_32,sota,2665344503,6241958376
2_100000000_4096_32,base,2545751124,6467477472
2_100000000_4096_32,pron,2531605863,6167442086
2_100000000_4096_32,sota,2657428997,6241149718
2_100000000_65536_32,base,2532174336,6466401155
2_100000000_65536_32,pron,2439004326,6166228330
2_100000000_65536_32,sota,2671385263,6241146150
2_100000000_65536_32,base,2516856270,6466329198
2_100000000_65536_32,pron,2454378830,6166295955
2_100000000_65536_32,sota,2628562016,6241411263
2_100000000_65536_32,base,2540814829,6466527941
2_100000000_65536_32,pron,2424905084,6165751312
2_100000000_65536_32,sota,2652136360,6241603066
2_100000000_65536_32,base,2519214018,6466465856
2_100000000_65536_32,pron,2432245879,6166231358
2_100000000_65536_32,sota,2628040504,6241089081
2_100000000_65536_32,base,2520294311,6466246402
2_100000000_65536_32,pron,2428761023,6166089042
2_100000000_65536_32,sota,2651159226,6241267751
2_100000000_65536_32,base,2513950433,6466273808
2_100000000_65536_32,pron,2428631626,6166104301
2_100000000_65536_32,sota,2626834258,6241235982
2_100000000_65536_32,base,2526702770,6466513365
2_100000000_65536_32,pron,2433473751,6166329033
2_100000000_65536_32,sota,2627954212,6241407553
2_100000000_65536_32,base,2567196133,6466749346
2_100000000_65536_32,pron,2426836193,6166281163
2_100000000_65536_32,sota,2645106250,6241226104
2_100000000_65536_32,base,2520775585,6466459334
2_100000000_65536_32,pron,2440182868,6166279264
2_100000000_65536_32,sota,2668944783,6240641174
2_100000000_65536_32,base,2520851942,6465985395
2_100000000_65536_32,pron,2433306915,6166179945
2_100000000_65536_32,sota,2622231828,6241305857
2_100000000_65536_32,base,2526555615,6466558289
2_100000000_65536_32,pron,2468474095,6166487437
2_100000000_65536_32,sota,2627167350,6241408407
2_100000000_65536_32,base,2533503279,6466675510
2_100000000_65536_32,pron,2447315470,6165319590
2_100000000_65536_32,sota,2638146540,6241252760
2_100000000_65536_32,base,2569908709,6466529346
2_100000000_65536_32,pron,2488692076,6166490876
2_100000000_65536_32,sota,2672540103,6241372693
2_100000000_65536_32,base,2511804262,6466426884
2_100000000_65536_32,pron,2434031572,6166076642
2_100000000_65536_32,sota,2652749887,6241218609
2_100000000_65536_32,base,2516272431,6466182740
2_100000000_65536_32,pron,2434714844,6166219244
2_100000000_65536_32,sota,2622552603,6241264667
2_100000000_65536_32,base,2521833711,6466422268
2_100000000_65536_32,pron,2435385101,6166210246
2_100000000_65536_32,sota,2649725873,6241291916
2_100000000_65536_32,base,2539482048,6466679418
2_100000000_65536_32,pron,2463118294,6166352616
2_100000000_65536_32,sota,2636572310,6241391621
2_100000000_65536_32,base,2520802912,6466494950
2_100000000_65536_32,pron,2430345614,6166169183
2_100000000_65536_32,sota,2622034496,6240146125
2_100000000_65536_32,base,2609218828,6466545052
2_100000000_65536_32,pron,2451434752,6166310983
2_100000000_65536_32,sota,2674854026,6241473956
2_100000000_65536_32,base,2519126721,6466560547
2_100000000_65536_32,pron,2431611217,6166153734
2_100000000_65536_32,sota,2625358636,6241133903
2_100000000_65536_32,base,2524090894,6466578636
2_100000000_65536_32,pron,2457462629,6165697478
2_100000000_65536_32,sota,2633097634,6241332099
